provinceId,provinceTh,provinceEn,provinceDescTh,LAT,LON,photoRef
1,กรุงเทพมหานคร,Krung Thep Maha Nakhon,กรุงเทพฯ ดุจเทพสร้าง เมืองศูนย์กลางการปกครอง วัด วัง งามเรืองรอง เมืองหลวงของประเทศไทย,13.7563309,100.5017651,ATtYBwJz7PW102JcOJtPvOn_pAOHJsgbR1om5c-VK6TZwTtS2HreDtMI9cACXsiX3_j87otRvYNDFQEjEnf1FfEgUWBaGdD5-5YQA2yuCWx-I6ucp-peXx-aDww653PpwhefkvzPzlDjM2aoowgBkXjMyaZ08ExhpiYyEmc60_YDCyHlq8c1
2,กระบี่,Krabi,ถิ่นหอยเก่า เขาตระหง่าน ธารสวย รวยเกาะ เพาะปลูกปาล์ม งามหาดทราย ใต้ทะเลสวยสด มรกตอันดามัน,8.0862997,98.9062835,ATtYBwLb6XVPGrHZj8oiY7_A9fiNQ7DijM14_IgWTGHj65bFVL5RO0VOcCBQZVNLUK3utKySD0XAHWSkn0Rp9jOI3VpiSdMXYUex2LTObXlvu25eyumxHwxSLqjKgu9AA1cIV4RTRRSvgSJHVFfrV7FSUUEgi6EX9UT80FCxW8x3yr869xkj
3,กาญจนบุรี,Kanchanaburi,แคว้นโบราณ ด่านเจดีย์ มณีเมืองกาญจน์ สะพานข้ามแม่น้ำแคว แหล่งแร่ น้ำตก,14.0227797,99.5328115,ATtYBwJx9r_Kdfi4hBBlOAIWiaewNACuMIJ3-aAwomK9do-7ApMl3VDmiSNaIbENagb16Y5O7TN2OkNJpam7m1rFkdnVtFVeprAbmxG_WVrsaGn0wJenNl3_me7Y4yGSEKTdkAm1KGrFMuv2b1auF-Oze63cTNODOgj93BQbYkgWiV9556DL
4,กาฬสินธุ์,Kalasin,เมืองฟ้าแดดสงยาง โปงลางเลิศล้ำ วัฒนธรรมผู้ไทย ผ้าไหมแพรวา ผาเสวยภูพาน มหาธารลำปาว ไดโนเสาร์สัตว์โลกล้านปี,16.431407800000002,103.5058755,ATtYBwJAtk79tqfn1P3EOv_o5hdw2t6mF73nM0ZsZCyDnrkh6vejCVXxKZJEDb0u9HHa59dz47FbCRwBP8By-nieWj5b5FFcY_xHCo9D7C68jqWL7LUvTLx6ukRd_bRSNQxOZMvADrykwOSfIqvoGiwKMvJbDVSjoY7w412tEe52lLDixY0I
5,กำแพงเพชร,Kamphaeng Phet,กรุพระเครื่อง เมืองคนแกร่ง ศิลาแลงใหญ่ กล้วยไข่หวาน น้ำมันลานกระบือ เลื่องลือมรดกโลก,16.4827798,99.52266180000001,ATtYBwKDtpS1UeTmauxTX9Zv-Q6djztNLb0NqG26jdzp1XiEnOX0RO5BCsnZh5tlHBNxvduiKkOclJsZLCm38nkRj0w2Yi22QkSxEATQW7ucPudoxmPLogIUNr8431pUMLEmCJd9hYm1LldOwlnIPcoAMpobWp7UngFJRkfiqcGv0P2-zvUY
6,ขอนแก่น,Khon Kaen,พระธาตุขามแก่น เสียงแคนดอกคูน ศูนย์รวมผ้าไหม ร่วมใจผูกเสี่ยว เที่ยวขอนแก่นนครใหญ่ ไดโนเสาร์สิรินธรเน่ สุดเท่เหรียญทองแรกมวยโอลิมปิก,16.4419355,102.8359921,ATtYBwJzuriLw1-R2ltEN5LzjYsBCw05uNoyJrsDIYyZZNg388vixncqjk2uh2V65DAvjJUWCYUbzqS904FRzpZF7MQtxyiq0QsNYQ9KU1L_UpdeXRN6usUy3iiKp6FuCeGhGkP_pu3eUGmCRDfLJ4TZWCsLM9Lnz-oOSghjdyecDS3ddrTr
7,จันทบุรี,Chanthaburi,น้ำตกลือเลื่อง เมืองผลไม้ พริกไทยพันธุ์ดี อัญมณีมากเหลือ เสื่อจันทบูร สมบูรณ์ธรรมชาติ สมเด็จพระเจ้าตากสินมหาราช รวมญาติกู้ชาติที่จันทบุรี ,12.61134,102.10385459999999,ATtYBwJR1gR89HmnJEXrEAip9VtlR7fD3GwpxQ_L47BH11PnvPAmHiXnIa29sHdF66Hdd65OnqtiMc7mCSZz5YyhGTj8psYCvYFOZoa7aIPTFka9TI_s0Phr0l8sbNEX9TIQLZpeQv4pec4lZr4NY01g81L3HsK2f3bxZp_ghXKM-wG3_PDO
8,ฉะเชิงเทรา,Chachoengsao,แม่น้ำบางปะกงแหล่งชีวิต พระศักดิ์สิทธิ์หลวงพ่อโสธร พระยาศรีสุนทรปราชญ์ภาษาไทย อ่างฤาไนป่าสมบูรณ์,13.690419400000001,101.07795959999999,ATtYBwLb9Zi-yuNoVPfRSbO4BSJ0HJXZebw8jwnbGKBBOfMgil5ofm7MkvlsnI-El_SZdCS9jt21XMyzdzI7SAiVC3Ruarsr8UfqHnyVW1kh1kWRsfn1vxSJs0McXFvHI6FhoCpeL12bwNbbRHC0j3u6WUyRpnSOQX_1afNXBHY8z0ICf7L_
9,ชลบุรี,Chon Buri,ทะเลงาม ข้าวหลามอร่อย อ้อยหวาน จักสานดี ประเพณีวิ่งควาย,13.361143099999998,100.9846717,ATtYBwIF0WrqbWSEMsEUEsrV3ycwzbkhS_N-AwZ6LuKNsj3TAOSkYf5qIves8rdMt0LG49p0wZKJ5L7ACOP3eNJhWW69Lj9jeNRL_ARuUYfqk8nB4O4KF_lXTO4Hlrr_9L03nBcpfxL4HQSrJt3mwc7NovT611is6CwrkDDOZZjgIUNvdZUA
10,ชัยนาท,Chai Nat,หลวงปู่ศุขลือชา เขื่อนเจ้าพระยาลือชื่อ นามระบือสวนนก ส้มโอดกขาวแตงกวา,15.1851971,100.125125,ATtYBwJUYmEUZva-11Jqq4ju14q0FG5w2yb9IPM3GDbZAqTc4fLRFtX5CpGFGtYDhhasTSwk2fsJ0zJoWqNcaiyRA-rTqB44lEWmEInaWoVqDPZobzqJwwsVKif9XS5jwpy0QCwXJlKK6NtndmI87DN4A0jBuif64Nk34tfC5m-RjmSiArh6
11,ชัยภูมิ,Chaiyaphum,ชัยภูมิทิวทัศน์สวย รวยป่าใหญ่ มีช้างหลาย ดอกไม้งาม ลือนามวีรบุรุษ สุดยอดผ้าไหม พระใหญ่ทราวดี,15.8068173,102.0315027,ATtYBwJwjah2HdOyJUMorhx5Y3n23Y0Nn697hxMLOMdRGsu8h6Y8JiOQMPEb1pkWc4sKhVtvD1UyBGSKfp9BW3DgF6Ak4gMbNEP5RlIadUSWeG7rrvwzgagfaM8YfcAgD1XmJwe8jtRv4mw_-NjTfR4KoXTelEJhkPpaR_dQ38PY81hYPM5n
12,ชุมพร,Chumphon,ประตูภาคใต้ ไหว้เสด็จในกรม ชมไร่กาแฟ แลหาดทรายรี ดีกล้วยเล็บมือ ขึ้นชื่อรังนก,10.493049599999999,99.1800199,ATtYBwLG9q7qOBlsPpuVHQ0Wi2cqtapbkYABOwOcMtI4Id1a0r_MMGImq6mAFbLseOHifQAvDklAwvDi1pnbGGgGyV8IB5n0Y-Ltj3NKvg57DDUeqdIngh31LjZJUEakv6zp_AbLDaSrtRi5GDf9pxVszZ0xwhEdUUfxvYvhDpzsFZhaTZlN
13,เชียงราย,Chiang Rai,เหนือสุดในสยาม ชายแดนสามแผ่นดิน ถิ่นวัฒนธรรมล้านนา ล้ำค่าพระธาตุดอยตุง,19.907165600000003,99.830955,ATtYBwIbfzucuWCYLJDX4VnnBGo24KaiTNwpvCTkNjaTYhFhHI68GiwaizqmWXftvmWvg7WZ8_Tgje9ThuQz63dVGtyEnd45eiEkHehWwcZWmoCmbGmI--bZPg2oPbuJqyE3mWSTWcW4rcSfLX6Ssk7mW_pke5L401p2-TJcVKabPPxixcEc
14,เชียงใหม่,Chiang Mai,ดอยสุเทพเป็นศรี ประเพณีเป็นสง่า บุปผาชาติล้วนงามตา นามล้ำค่านครพิงค์,18.788343899999997,98.9853008,ATtYBwJpL9h4PJjIAS1se2pNaBR57bnzNTQt-09Ku-4hUr-hkG-7Wadl3Gxsy8iG00tOHqqdGgh9F2VTP9UH98tGQESUvgjjqLevzrU4vwBsUDymvIJomA7GU-BbdDjDq8tjLJXhFmgyEETBOW3FUHRDXmyMYmMA4UL-vaZWLoClK8wEuZBV
15,ตรัง,Trang,เมืองพระยารัษฎา ชาวประชาใจกว้าง หมูย่างรสเลิศ ถิ่นกำเนิดยางพารา เด่นสง่าดอกศรีตรัง ปะการังใต้ทะเล เสน่ห์หาดทรายงาม น้ำตกสวยตระการตา,7.559385099999999,99.61100649999999,ATtYBwJGa-1z5Chky6F5jsWTlIiHiRVcw_1FJ2kbUjv-OMlwqLll8BYHteDh28mYz583TQAG67JVbSUnADmahDvSx4VwsdPDTENQ5emO5IGSSFoqS-kE4o9CDqaEkKG4MDnYHjlS-V8pxnAxxFR5QwovR9jrYM7HFP1_x9v6we2ID3ywwmtB
16,ตราด,Trat,เมืองเกาะครึ่งร้อย พลอยแดงค่าล้ำ ระกำแสนหวาน หลังอานหมาดี ยุทธนาวีที่เกาะช้าง สุดทางบูรพา,12.242756300000002,102.5174734,ATtYBwLg-_lcfsLtkE1kJ4DnAH_ALU1Mxtthfmt9eQBleleWMswJTyaXRyCOu9Y3huJnUMhH3is98Ap5DGbGIKfKrIjEkq355ZBQjGVNB8yi2FF1DVEoRn-TfnCJFaYbqyxsGg59jWpKXn5evs_25d0CUona8Khu9LP6Lkwq2LvcQ0gHbcIy
17,ตาก,Tak,ธรรมชาติน่ายล ภูมิพลเขื่อนใหญ่ พระเจ้าตากเกรียงไกร เมืองไม้และป่างาม,16.883990100000002,99.1258498,ATtYBwLvNPSrE75PXmUtHN0EVCjxzdM94wn05wTMQtnkii5E3WYa6S9RaMWdgun1r9JZ9FzEKY1pjSTT3rJNa1l3MaAGIXRdPNs93csUwIhT5-oPSwbVQjxt3BVDScC3umQl59X2TYGVTfvWtgXIK7whOEpyLlOrEmrpLBlKA9Omvbvycy2j
18,นครนายก,Nakhon Nayok,เมืองในฝันที่ใกล้กรุง ภูเขางาม น้ำตกสวย รวยธรรมชาติ ปราศจากมลพิษ,14.206946599999998,101.21305109999999,ATtYBwLptmbDSqqH2uIh1J559LozapzLuD0hhOFWWI2B3ohUSOzNWbBdaS6RMa4JFpmHYjhkzu8jf1kkA6hJwMLOLEZQqc7189F4Mo7QPPA0X8PGXm58CxCY1gYDKGD0dt-1PeP6968jLaI1_7RDev-fS07ilPoePWjjhuzMBMp7Mf1Vbcqr
19,นครปฐม,Nakhon Pathom,ส้มโอหวาน ข้าวสารขาว ลูกสาวงาม ข้าวหลามหวานมัน สนามจันทร์งามล้น พุทธมณฑลคู่ธานี พระปฐมเจดีย์เสียดฟ้า,13.819920600000001,100.0621676,ATtYBwItWMAFw5qDaSm-_3p6n2Gu-gAXDJnO_HcfiVSmulox311cfxNosMJI54a5xDAkHNnuH8l0XHEzdcHcAZBEpm-u8R7udw1VCLg8FU8rgSwNhDOqah8SVaGAJfufoIB8jGCG4tqZKG2XpJYaXZ54usNpBLNntRDBQ7KHKWrVBqOgyZRc
20,นครพนม,Nakhon Phanom,พระธาตุพนมค่าล้ำ วัฒนธรรมหลากหลาย เรณูผู้ไท เรือไฟโสภา งามตาฝั่งโขง,17.392039,104.76955079999999,ATtYBwJIr0X3n8RbOSxBzCv8qUt510coOAN7JGPa0YFM9cBS7iSYmA-rzcyWr0435UPda66FZDioMvbgBvzLdQC_p8kH5YBK5VfPWMlkD3Q2juvUpFz-SGjLytDFlYTF0iJTCj8eW8xw7i93qB8AK7e6CbLuTSjkwGFRGMd4pG1YZKAYHHnE
21,นครราชสีมา,Nakhon Ratchasima,เมืองหญิงกล้า ผ้าไหมดี หมี่โคราช ปราสาทหิน ดินด่านเกวียน,14.9798997,102.0977693,ATtYBwK6jwOtl1gWbDw_-vR3h42q_FY3b-ouLQb9nBmC_An08fHCdD-Qhpn4nZIRFAIZqtRLuXqigr0KDUUkOU8e5X6RWgC_5ELebdwY9O_iEgomuKlGU6h1ZYlWdjGR_S_M4NXDQJryUjq-GPit2a7SiemUU2rcH6ucck14iX_CpFfnk2hx
22,นครศรีธรรมราช,Nakhon Si Thammarat,เราชาวนคร อยู่เมืองพระ มั่นอยู่ในสัจจะ ศีลธรรม กอรปกรรมดี  มีมานะพากเพียร ไม่เบียดเบียน ทำอันตรายผู้ใด,8.4303975,99.9631219,ATtYBwJcf6MrbYX3MbeIQTXsoc8B4qvSNBWZtSQwVWXIKDj0cNBiY0PUA8TdT1_cpEiMBFozMfy18JR7axqf5_XcYbk2q2OBnFgs0Uy7kg3zBSQn_JI4_iPZMtF-nB60eknOPi3H-Cnv0vRNIvM9OwWiPfYwSL-UoK-_9K3IgtLlYbHelFz6
23,นครสวรรค์,Nakhon Sawan,เมืองสี่แคว แห่มังกร พักผ่อนบึงบอระเพ็ด ปลารสเด็ดปากน้ำโพ,15.693007199999998,100.1225595,ATtYBwImPGOOccpyFnCxWafKxTBEjOfELF4S35EcCB6rkc6LgNTzHZH4wJULEZavTN32W_7uVFothWgYkmIvgK2rdg6YJzALXlgHHm_i9Io_jXtfkQCW-85EoAxjMmt0PdDU4_ksDGdd4kRjuInpmGyLaQT1Dwy2mLB1ZWI6xVwRZmwU6c4a
24,นนทบุรี,Nonthaburi,พระตำหนักสง่างาม ลือนามสวนสมเด็จ เกาะเกร็ดแหล่งดินเผา วัดเก่านามละบือ เลื่องลือทุเรียนนท์ งามน่ายลศูนย์ราชการ,13.8621125,100.5143528,ATtYBwLFMRWkMXnxpb1ieQP4YF2u1LihIRISJIZhpC-AkePkLJIXdoNDZ4XHHMCLPsVP5G6djrIlNYwbQ6bXNVrLHB6WK6bVPaSyz0SqCm11PGEA8y4ONZymoyWkGu60K2JGcOjUTL5f0pG541aDB85Hv1k2stgtJAfBgSYAa7eGC4cSwdHH
25,นราธิวาส,Narathiwat,ทักษิณราชตำหนัก ชนรักศาสนา นราทัศน์เพลินตา ปาโจตรึงใจ แหล่งใหญ่แร่ทอง ลองกองหอมหวาน,6.4254607,101.82531429999999,ATtYBwKXGCiT5J5rPiFBiDFMUUsI_p5cdyfiZ5q80SXwRR8rKkkB8N2YjlqGOvQBl_jXICknA0Iq-YLsjq7Ih8sL0ARTdtantLfyRv8zDXi0xi3smmuoCGj1yfdtGrxtNP3jexPK8Qz8s5oiJXSufy2XuEDwZfm9v4m_ZvJyl7j_23lR9uhS
26,น่าน,Nan,แข่งเรือลือเลื่อง  เมืองงาช้างดำ  จิตรกรรมวัดภูมินทร์  แดนดินส้มสีทอง  เรืองรองพระธาตุแช่แห้ง,18.7756318,100.77304170000001,ATtYBwK2T3nw8ZMroPpj5QHrDNs5LrfZFJxxcdFOubNKttc9Wu7PxXMnm29MlLHO0tfkYbJaSAsxiz7DyHUqxZVtuvA9n_mckC4Czf8LVA_OUlPPm3HDqqRcWikw8rrxxXk4Ano4n-xRFRlO0UdDcaOCIZs16oiyBphIxI0oZ4XOXR-tBn7A
27,บึงกาฬ,Bueng Kan,ภูทอกแหล่งพระธรรม ค่าล้ำยางพารา งามตาแก่งอาฮง บึงโขงหลงเพลินใจ น้ำตกใสเจ็ดสี ประเพณีแข่งเรือ เหนือสุดแดนอีสาน นมัสการองค์พระใหญ่,18.360910399999998,103.6464463,ATtYBwI7uBHFOjPMsAnpU97vnCxNrhbXYFBH3veLto1xT4ceJGodJMj3yn7zywT0Rz6CCkLoqv7eJxDp5hmVBIEVVQqj8r5WPnkYoylntu3MH4TtQqP4PpCTUbjNxJoIs0YiyC1kqe2GLmF343azGc12w-Bln5BeO-uOhWB9SpWD7ioWYqWc
28,บุรีรัมย์,Buri Ram,เมืองปราสาทหิน ถิ่นภูเขาไฟ ผ้าไหมสวย รวยวัฒนธรรม,14.993001699999999,103.1029191,ATtYBwKSR-Pt-5kSJ4afxJvV3T3G2TG6hfpKyspEKXfEbejqyo5Hn52Pn6yQtfNz7U4wDL3Z9rywwkDQLqrQCAE2fcUijuTMBDCI1veCUpWTliCXDGi-1cdr6EeDVcSapS2dlHpPtyFyhBReflCZoWl8XYtiG3o02cLq-ShhKwhlEGRCoTIP
29,ปทุมธานี,Pathum Thani,ถิ่นบัวหลวง เมืองรวงข้าว เชื้อชาวมอญ นครธรรมะ พระตำหนักรวมใจ สดใสเจ้าพระยา ก้าวหน้าอุตสาหกรรม,14.0208391,100.5250276,ATtYBwJCTxDljwTneVimmbiYGuGaCmcyUTanna93NZoQvvwsiyqNo8zTYpcsD4gwCrlYDfdmg2MHJyB-AEHHyViHw3Woi0adKfSouw58cLtDXN9oQJH8oYn2scXbECP7LRDmwis1fi8PexmXLUtzkKPBO8c7OucuCoPLrdB3QouFMTm9lwWu
30,ประจวบคีรีขันธ์,Prachuap Khiri Khan,เมืองทองเนื้อเก้า มะพร้าวสัปปะรด สวยสดหาดเขาถ้ำ งามล้ำน้ำใจ,11.812367,99.7973271,ATtYBwJ8-HeUnbMYv82jv0Gie_xlFjdpwvVKmV7Lxh5X9qxrdEj7PEf6N2CchgmSBxG9oXxRbmKaH8R_fjFPLzW1SsBD0aIKoK9lWF9GPOPyrWnwdClmy2c9QIJz3kKqAG33AWhEEXRlGgU6ETXa9Wx53HDbPKZhk8bFDNXYFfzXzxsbMywS
31,ปราจีนบุรี,Prachin Buri,ศรีมหาโพธิ์คู่บ้าน ไผ่ตงหวานคู่เมือง ผลไม้ลือเลื่อง เขตเมืองทวารวดี,14.0420699,101.66008740000001,ATtYBwJQ-IZNJWMKhZbmXDmba3Y7lcXUZg2SXcIzvNofbW2_RNY2bpb03rRh7f1a1nL9z-Mde5xe-LIgy2M6CQR-uO4a_ouJh8Wy3lgn8xx3uygPBBXrwd4quWRXTiP0rBhWaRQwoWH8a-MCdVgX2cpyP8Bn9NwXnP7fe0AMBSwbc16Kah1W
32,ปัตตานี,Pattani,เมืองงามสามวัฒนธรรม  ศูนย์ฮาลาลเลิศล้ำ  ชนน้อมนำศรัทธา  ถิ่นธรรมชาติงามตา  ปัตตานีสันติสุขแดนใต้,6.7618307999999985,101.32325490000001,ATtYBwJo8ONYaeh8ihmk7H5AnaHkHk4PLraAGxooSBliLGXfjWFpDkW_98-5UcNb_8yBbMAp_InhbzcZnU59nCRS7zpXX62e10utLlsfkS4WZs8j3dKEVFzb6xjZaSpEYZnVZNJv0VU0K4OwSJBesC0Km3GDp8QZv2NXNZ3_BPA9og_zLA5V
33,พระนครศรีอยุธยา,Phra Nakhon Si Ayutthaya,ราชธานีเก่า อู่ข้าวอู่น้ำ เลิศล้ำกานท์กวี คนดีศรีอยุธยา,14.3532128,100.56895990000001,ATtYBwJ8ESr_ZVgBxXfr1JkdoisC-Hkw-hLQmOHg32nSodpCPl_A23rZs5TNbopPdcJybSEgf7BPlUqEnEhjG_reXJYN7S9wsONGqZc3VcMblONdnRuZDdeIv3TEburD-oBnjoto84-q0mW2okjxyIabr_p3ZLG447X_uVmZMrBJZBv8wLB-
34,พะเยา,Phayao,กว๊านพะเยาแหล่งชีวิต ศักดิ์สิทธิ์พระเจ้าตนหลวง บวงสรวงพ่อขุนงำเมือง งามลือเลื่องดอยบุษราคัม,19.2154367,100.2023692,ATtYBwIIau4d3AdYCokdujxvNhJVA6rRuRI8DAFEyv6noK_OgYPm7-1zHribTzTzn_dwJeky1_SZ3o9rNtQG3gGC7BgRHAbjQdA0_I96Rqit06Sf1I8bmoOw4zUcFLsuZyDm8ZyxuPnpZ4Vs0wSSjJ99H6AfCuf94GEtPD--dkdJ3-u8BSrX
35,พังงา,Phang-nga,แร่หมื่นล้าน บ้านกลางน้ำ ถ้ำงามตา ภูผาแปลก แมกไม้จำปูน บริบูรณ์ทรัพยากร,8.4501414,98.5255317,ATtYBwIVnqL9f2aQ-Tv36CTiZxYZGIZ7Yc1ikLakJXF20L5m9ayiF1MyQ2QYD37tufZmgpUjbSSz5MoMn5nYSQTBYAIlmgctr0aZsF7ghOfxDMq4BF8260WLfjgr37PNELQqE6D2_DTJ0YICc8dv5sPiTHfd2IOTefmN35gZ44hcKbAjDA5V
36,พัทลุง,Phatthalung,เมืองหนังโนรา อู่นาข้าว พราวน้ำตก แหล่งนกน้ำ ทะเลสาบงาม เขาอกทะลุ น้ำพุร้อน,7.616682300000001,100.07402309999999,ATtYBwLo-VmFFduvR2zgLhvWATNjMHO8DtHbgigZzkOMuuouovo3YBS6JhGJt7tQc_0Qq-gEbk49T0QErTZ6ADeiDDWOPrEmIre7Vne2MulMT57xnpnEF46N10wEkJ9PS4UezlzjVD_3WAsBCZTLCbU3EGWjrengg1jb9avttTuKj9IZJWZS
37,พิจิตร,Phichit,ถิ่นประสูติพระเจ้าสือ แข่งเรือยาวประเพณี พระเครื่องดีหลวงพ่อเงิน เพลิดเพลินบึงสีไฟ ศูนย์รวมใจหลวงพ่อเพชร รสเด็ดส้มท่าข่อย ข้าวจ้าวอร่อยลือเรื่อง ตำนานเมืองชาละวัน,16.274087599999998,100.3346991,ATtYBwI1bI9nqEL8arN9XON7HQsYQkuWdvw-sIGRB4cFWFc4DBBTaf0s8WPNrmQdCnJ2cqQzPchvMiZhoOGKfG2TY8PgFfF_mXhAmzFfGCPi2hekYowRm4iCeDVHISHEwYlNa_zkkwxdDTiwwhs9jTLCiNJdXm2WDxclVCw8UQ-JxfetdIQQ
38,พิษณุโลก,Phitsanulok,พระพุทธชินราชงามเลิศ ถิ่นกำเนิดพระนเรศวร สองฝั่งน่านล้วนเรือนแพ หวานฉ่ำแท้กล้วยตาก ถ้ำและน้ำตกหลากตระการตา,16.821123800000002,100.26585159999999,ATtYBwKrT79Xc9Y7KAGFVgV11hAgAGDaJuTrssBo4JeEaOR5U7m_JoMlPt-HtQAKtlhw0TjLbZER-D2M8g0YEqwgxtJDU4U2sRdW8SLXvNCUEF1Bt9n5IKYXEfYvUBo5TC0ptB53eYz2ROtxov5aX87kxgrytkwfVrSLnwSku2TRezx7i_vh
39,เพชรบุรี,Phetchaburi,เขาวังคู่บ้าน ขนมหวาน เมืองพระ เลิศล้ำศิลปะ แดนธรรมะ ทะเลงาม,12.964921499999999,99.64258829999999,ATtYBwKbE5lPzpZeXD_jkOfGhGOoY-D8QNRavTGmD-hQlA2LX-3Ksn9vS8H9DfognNJSpFi6VOFzIoJ6HdEZHAk56yF0HF0c8R0oxovoXbZM-9304Ji5U8vyUICRYeJk4X7JrnZy8ZdayethuZRJh351XLjQNhBcSlAjziw8GdDXuwiQXmVm
40,เพชรบูรณ์,Phetchabun,เมืองมะขามหวาน อุทยานน้ำหนาว ศรีเทพเมืองเก่า เขาค้ออนุสรณ์ นครพ่อขุนผาเมือง,16.301669,101.1192804,ATtYBwKdmXxucbAovnSuaJCAOgtaPLNMbnMCOPZw-2hygwm08iiy7Yvwd7ywBL0odG7hFkxsVL7rWk423_NzVJhOHbVbNiQkol-3jqAe4HVHed8e95X3L53mdT1fdvK_c5sCkb3cV-M3Q9ck14s-Rd0tcbN1BqRu2VATg_o9t8ZNnMLHMpGv
41,แพร่,Phrae,หม้อห้อมไม้สัก ถิ่นรักพระลอ ช่อแฮศรีเมือง ลือเลื่องแพะเมืองผี คนแพร่นี้ใจงาม,18.1445774,100.14028309999999,ATtYBwI3ElgVH1qyELlPDsYiv26H4MIWfpcB4Lqhp3a0NPAagXE9CroKG552XM19l1XH6FNwMs1Vfc6ZuQmoM0oLylhGrmy_gccGS5zQamN4zvlNzR14a9HtzDidGGKbts0gITHmFpuuPPIost-fL-bE73u2D-lhKXdFjH6y4lxHuX0jtAgc
42,ภูเก็ต,Phuket,ไข่มุกอันดามัน สวรรค์เมืองใต้ หาดทรายสีทอง สองวีรสตรี บารมีหลวงพ่อแช่ม,7.951933099999999,98.3380884,ATtYBwJSN-NBSlagZcnumacwwMa4ydqlPy2nahjIv-RtBwktwoBlT0JW-kKw_dfTJvXoDHFlpQkm81NDUb4h5R03W0u5d3O8rkvqsyl0OXRI7QKtuRXaikUjiHe3W9dU6NJ7yT9eLMxU1HMEz7Q2kz8bsiXeSu1esm14RS0T__K4OS2hy9Rh
43,มหาสารคาม,Maha Sarakham,พุทธมณฑลอีสาน ถิ่นฐานอารยธรรม ผ้าไหมล้ำเลอค่า ตักศิลานคร,16.0132015,103.16151690000001,ATtYBwLMEiNGEoFT01r9uPDxT0Lz3BVDU6PXS_r27fiNgmhsaHCbJE2nokBUN52NA8wGxyOjS0duL5JqomKDVOtRnMOl0zbtqSUMVPbgiQmObC9jQFvo0o5ihCHQ_JL7Gps5tC7wxXdGO0vTrQNXNf78zqROCeQcKBnvQ_7UklAqXLRACD3z
44,มุกดาหาร,Mukdahan,หอแก้วสูงเสียดฟ้า ภูผาเทิบ แก่งกะเบา แปดเผ่าชนพื้นเมือง ลือเลื่องมะขามหวาน กลองโบราณล้ำเลิศ ถิ่นกำเนิดลำผญา ตระการตาชายโขง เชื่อมโยงอินโดจีน,16.5695723,104.5231213,ATtYBwKHVjH1l62vCjGF7ODf3oKmt_22dnE02_On9C-DkwiucTOy3DdKzPlS-hLIHa4KJtBJtvaM28ltaYy_mQ0gyLFT7sroYhUoO5zNwItmwgch6kyT3PNzpu2jUxwpulVjr2HozgGukP7FJPTOPQyRsquA8eLLGyxbQ2FbMyBda044itnB
45,แม่ฮ่องสอน,Mae Hong Son,หมอกสามฤดู กองมูเสียดฟ้า ป่าเขียวขจี ผู้คนดี ประเพณีงาม ลือนามถิ่นบัวตอง,19.3020296,97.9654368,ATtYBwK986JMB7HXfVgMdgOr2Ibm9AnJ9UO105jwwwWifiKL3JYEO_2Hd5K-ge7FbEHhMhmzKNhK9VUpiA2LcM8l97CFE-gqpy8JNpPMD8VJdZ1Eqt0HiZGVBw6ZP0JQ81xHYpSdhWwdEFsOmWt3XlwvFr5FGTZTW_LXFFJoDzS-Wwaan7Iy
46,ยโสธร,Yasothon,เมืองบั้งไฟโก้ แตงโมหวาน หมอนขวานผ้าขิด แหล่งผลิตข้าวหอมมะลิ,15.792641,104.14528270000001,ATtYBwK-DVdJNglJMCORpCRcbmwReviA1-8sdsa0CzfkpwBXyXgI95ql35OAOXGcEjMZrQf88wj8BxI5pp6BjxbDTA_zW1CTYnR3yQcHJhheSdVRb76aZA-oJpQpkezJpMBvumwTMg-mUiU90lM5qezHU-9954_hPQdj3M3Mzmb2UJt2SAtl
47,ยะลา,Yala,ยะลา ใต้สุดสยาม เมืองงามชายแดน,6.5411470000000005,101.2803947,ATtYBwINULuyyIQ06b3O7ngo3byn5juwYcTB3uHABsNrr_PnJWdtisBx2x8JvDKOW5ixmfmIDlL8hlJ9vtHrPZIr-bv9M3_KkGifGf9rX41NN_nZm_gB1LR7be3qtPZug6svPJScpdhSjIYNBAP-aD_rW0Sv9r9ItFOI0X8Zw7JGNnPZ3UJB
48,ร้อยเอ็ด,Roi Et,สิบเอ็ดประตูเมืองงาม เรืองนามพระสูงใหญ่ ผ้าไหมสาเกตุ บุญผะเหวดประเพณี มหาเจดีย์ชัยมงคล งามหน้ายลบึงพลาญชัย เขตกว้างไกลทุ่งกุลา โลกลือชาข้าวหอมมะลิ,16.0538196,103.6520036,ATtYBwJoCtlASnVapvP68EqCzUfhJKgpp2Mq1Bjpj_FYtv8EwrDCzdXU2tclidSHgPFoFKRAQjrMW5TpvfZh4sGTN3oXpDc_8hwcry-wKUCgEq1VfUTam3BoQDdKYJdN2ePDJKoh9d4l9POcM3Wy4wvnJHLDZ09nJnVRAboxygy6MR42PLXU
49,ระนอง,Ranong,คอคอดกระ ภูเขาหญ้า กาหยูหวาน ธารน้ำแร่ มุกแท้เมืองระนอง,9.9528702,98.6084641,ATtYBwIJemFJon8ukBhkDDpjlHC4Ui3_2quLBCHsq7AiE5HZhv4XytHIMKrFNjqAtXXmCi-DpBBFTzND_Kuh92KvTTILqcDDxOpLRIhbfJ0_Z1RX14UuEZZ8SERtcMbGTfd3HEkXImizmnfP3kNlCekwQvof8hV-4WdZ4CcVStuO9KmAWyJE
50,ระยอง,Rayong,ผลไม้รสล้ำ อุตสาหกรรมก้าวหน้า น้ำปลารสเด็ด เกาะเสม็ดสวยหรู สุนทรภู่กวีเอก,12.707434,101.1473517,ATtYBwKghCLX6DHULotmQ1J1EXVAT9VEwps3qV61Lu_8HDMBBiAXIinCvpP7l8roeuMSUNYlpTTUzgaxMPUoVwpK_i1EV6tBSxI97EumxTxMBDTfiS1kYaZmrXwKrSkzb_lY14pseMZFUGt3OZyeegAGEUVMQ6d20M67JFKTVyOLlopy-jJc
51,ราชบุรี,Ratchaburi,คนสวยโพธาราม คนงามบ้านโป่ง เมืองโอ่งมังกร วัดขนอนหนังใหญ่ ตื่นใจถ้ำงาม ตลาดน้ำดำเนิน เพลินค้างคาวร้อยล้าน ย่านยี่สกปลาดี,13.5282893,99.81342109999999,ATtYBwLq7ZRa0ZwSYvt9Qq58A9A3p0RO7vB62WbaWUB5SfJh5XM-Ry4gF2WJv4Ubjq_S4AGwOy_rwYlLaPQ3-KBVnfWKhu5Zd_vMG6wFJXJ0aM00wv1bP622F8ZjzdEQx7XbLOjdXUQ9YaikJRfvPM50VWYSF3P6EFKMr6-ILQH8YiA7mka_
52,ลพบุรี,Lopburi,วังนารายณ์คู่บ้าน ศาลพระกาฬคู่เมือง ปรางค์สามยอดลือเลื่อง เมืองแห่งดินสอพอง แผ่นดินทองสมเด็จพระนารายณ์,14.7995081,100.65337059999999,ATtYBwLbev6DcvzrNKTWTynOxPJOtYw-GMg6RjaU2spl0YOPjeBzMrM-v1NDTZpmLl14-6Fvf6y2fJjcZF_ssHpm8dhpfEgGMJXqgY_6hP2CGzkE9jXDfQW5J3t24GE0hHGNgL14r-N30RkJyRbmk_c8FeJmXGkPrRlzLrl8IuXQwSLTFyGH
53,ลำปาง,Lampang,ถ่านหินลือชา รถม้าลือลั่น เครื่องปั้นลือนาม งามพระธาตุลือไกล ฝึกช้างใช้ลือโลก,18.288840399999998,99.490874,ATtYBwJe7lcZ6ksbLkynRk31Nad0Ytwb7oCIBNtK0AAsRrEj0oHxIfvCtB_BCotNT4ZsVOpcnKnhbxUXfr6qRYKHe-881JX8_wZ_nZZ2TseGVknX1N4HoBVHaT6acMhKQqXwr2DMNzA151YNQCYE4ljUIYtFmba0HiaUd7SPFmvMKhJFmPSN
54,ลำพูน,Lamphun,พระธาตุเด่น พระรอดขลัง ลำไยดัง กระเทียมดี ประเพณีงาม จามเทวี ศรีหริภุญชัย,18.574460600000002,99.00872209999999,ATtYBwKhPWkJPWatxcHpPLCIgxPUAPOZyRRU0miuhgVP-5INMyxG-yRwzbf04Q-qj7MqBnL1kq_IHTZcpS9_nVJ28IG5oDfb4l2FFNGHQPsms8BZZar5QRxMSB1pgABbcP21DzjR8yyvUus_kTwSsnefYAafka2UoyPg0hnrfDhj5pGPqKxB
55,เลย,Loei,เมืองแห่งทะเลภูเขา สุดหนาวในสยาม ดอกไม้งามสามฤดู,17.486023199999998,101.72230019999999,ATtYBwKWVmlSJTl9WQ0DcWcl6ysCB6qdZ35u3QkOZhHysFVrVbSPhvDMv_QtniYCRUy1Yj9pwLdZ72AOnWnvuOqG7_2bjU7x0U3tzQnYaVkJrtRDfjHxwL4QOSIyQwl7Y_K1pgbv9RJDl_Wo3GcmuD5kMaflpKBQqfpP9hTIm1P0kQJgSA3V
56,ศรีสะเกษ,Si Sa Ket,หลวงพ่อโตคู่บ้าน ถิ่นฐานปราสาทขอม ข้าว หอม กระเทียมดี มีสวนสมเด็จ เขตดงลำดวน หลากล้วนวัฒนธรรม เลิศล้ำสามัคคี,15.118600899999999,104.3220095,ATtYBwLUIHokHKInQuKEA7VG3hBI-7yNdBQFV8auO_kiTc4avY3LdQOQZwHJHzkiPtggUUf9kGUfjbJtO8oNCrejdyYi5ltnVrug_GTH5LXdxcUfGo2UNvOjK0jTCVb_cSaaKM2eOC9tAftJl5offZ8hPPg2UA_zg6dKPeG_fmCQYi0HzzTQ
57,สกลนคร,Sakon Nakhon,พระธาตุเชิงชุมคู่บ้าน พระตำหนักภูพานคู่เมือง งามลือเลื่องหนองหาร แลตระการปราสาทผึ้ง สวยสุดซึ้งสาวกูไท ถิ่นมั่นในพุทธธรรม,17.1545995,104.1348365,ATtYBwI7Az9-NQEo-gvVLzXGQmVwnMdKhsf3CQvqLfZ5seyGN4WY3JHnLt8HvYFj8dykmpQ0KFetooitbSgV5nhCMTqmpfMpKN4mGEoXXIbc54EXgq3LnkRO9L-8lZ4CmA1kQqsFIyNcOgM9asFv6pR_e4N86Ffi5F-22TvyHnzCKJMp-qMM
58,สงขลา,Songkhla,นกน้ำเพลินตา สมิหลาเพลินใจ เมืองใหญ่สองทะเล เสน่ห์สะพานป๋า ศูนย์การค้าแดนใต้,7.1756004,100.614347,ATtYBwLF61jf-kraDuX9rAxwcMcynrxwczuaym3xQ6X8sIgGH1jBQgA0i2XB5z8OHdDuQ9O-hLTB6OMjiMY4U8uPLTe_SjTl-x4Jh8fZhYVdZD2COPwoCNv1ZrFDvTHehsDVHrjUCZgLsBEpXeGnCmhkDKHxcHdxnO5cnEaepkWwWPMSXgW2
59,สตูล,Satun,สตูล สงบ สะอาด ธรรมชาติบริสุทธิ์,6.623815799999999,100.0673744,ATtYBwI1uYBKamnI8qbH7uVxoz1MTVcdNqnqiyzABXbpOAfjVuBvBcqpw5HOajHGHl9DjOCa6MIN6hU-hVTnVL__cgOKa4qUdfjOS-2_zXV_NmP0ad78KeVV6A4xyRByWwuKaQIdExAPBQoLZ0fc9EEJUQ11GnIIZd0CVhKIAwZoPJVBLJuZ
60,สมุทรปราการ,Samut Prakan,ป้อมยุทธนาวี พระเจดีย์กลางน้ำ ฟาร์มจระเข้ใหญ่ งามวิไลเมืองโบราณ สงกรานต์พระประแดง ปลาสลิดแห้งรสดี ประเพณีรับบัว ครบถ้วนทั่วอุตสาหกรรม,13.5990961,100.5998319,ATtYBwJNsH2OD-UWBJcmwdGy_t9_e5LfR5rr21lOSnsoFuMc6csxOMeW8dDs_15hjTCURnQlZWN8_Ljhk6aD-Elrx4FkcaqduJBNFWEFS88R8xJoE-hk13K3Y8acKzMq3fCg8LAVnH89iCAYAJhS3TgqJSNGGE6aMLLEsTJMeF38GWnV7Xo
61,สมุทรสงคราม,Samut Songkhram,เมืองหอยหลอด ยอดลิ้นจี่ มีอุทยาน ร.2 แม่กลองไหลผ่าน นมัสการหลวงพ่อบ้านแหลม,13.4098217,100.0022645,ATtYBwIwVsEHYzl9NElAST6ihLbpJViYNdaNsSOBPGSnCZR8-UYVVw-g-wnl_Ei2JNmANzjpZv61n0q2gCV2sZgAMihMI1riq6_rpp4msZYOJ-6SsTWHKdPMCq31syPgIIld9Nakj9mzW2Hw2hGIh77OohJXe1GAojgZvrmsK2l6x4R16ovU
62,สมุทรสาคร,Samut Sakhon,เมืองประมง ดงโรงงาน ลานเกษตร เขตประวัติศาตร์,13.547521599999998,100.27439559999999,ATtYBwLz4Yny7l8UQSA5zxctNjnUFaAptI4NjcYaAoyDVFLnNYKlvCqdyLgDHueNzSdhTd2H6O_7wMH0VZRxd1w4dDUN39AZUuO36X54wdqXKMOqWVyDtAfK2LshQngQP1liBODhyv4mMtBdXhtioU2NH6duo8J2cKC3SCXFA6c023GKCx4
63,สระแก้ว,Sa Kaeo,ชายแดนเบื้องบูรพา ป่างาม น้ำตกสวย มากด้วยรอยอารยธรรมโบราณ ย่านการค้าไทย - เขมร,13.824038,102.0645839,ATtYBwJFIc2c3h1hVHwxZH3jdp2CVOXbk5ZEwn4UW9PYsn8FcKxplHDkTEfwd6OkmD9hu11GWrpxbSy2Atj34tEyRRFWDg6eusV6fXkykLHIq4mmy1feR3KzGPk8T-dzqSfHYTLvTWTKbI_3MHUFLC0uAFdjEsHSjG5TTFz9eKJGulKAQ9W7
64,สระบุรี,Saraburi,พระพุทธบาทสูงค่า เขื่อนป่าสักชลสิทธิ์ ฐานผลิตอุตสาหกรรม เกษตรนำล้ำแหล่งท่องเที่ยว หนึ่งเดียวกะหรี่ปั๊บนมดี ประเพณีตักบาตรดอกไม้งาม เหลืองอร่ามทุ่งทานตะวัน ลือลั่นเมืองชุมทาง,14.5289154,100.9101421,ATtYBwL0caXw124I86AdYj33vN2uFL2321oXHJjlyk0MjbEHcwl-pvikMlajprW_S-eOBAuimf77zpeLAD8LHMloDZ6S6mvXN65Ojd2ffz-Gj8w8Z6kvZ3CyDTiwqkcRtTFvviDFtNCfrwayPQHijsxaVP3Jhs9Fz_NQY72gi3Fb6gqj4G0J
65,สิงห์บุรี,Sing Buri,ถิ่นวีรชนคนกล้า คู่หล้าพระนอน นามกระฉ่อนช่อนแม่ลา เทศกาลกินปลาประจำปี,14.8936253,100.39673140000001,ATtYBwIHeJ7O9r7LqlsIUD_o6_4njyq3XRfe6x0ducqCtGx8tif6TE9mEavhBHwa072XcxzuZDYp31s5HivWrotrUCunwEKi1FcC-FUwKlOXycZYvWeWcPIwK6eY4U-dzkn1OQ8cROhIWFp1_X-CN1BiZJKzaaqu85cffnVjigDIRm04tksj
66,สุโขทัย,Sukhothai,มรดกล้ำเลิศ กำเนิดลายสือไทย เล่นไฟลอยกระทง มั่นคงพระพุทธศาสนา งามตาผ้าตีนจก สังคโลกทองโบราณ สักการแม่ย่าพ่อขุน รุ่งอรุณแห่งความสุข,17.0055573,99.82637120000001,ATtYBwIFy1c1mnwW3vB92FUrC8cyklIHS84bIKHJHlbiTHx0UIG-ITKUuhpST6Oh701NlSI8kfiJfak32r1GakdYJ9IaNgwWXVvD2dUfKR3v9CaiJ0wGPYzBnH6BTnRcRYni-z09iwZ1of0dXTiDcp3fVegMAN7yL93lsNffdin-tNG-RE6O
67,สุพรรณบุรี,Suphan Buri,เมืองยุทธหัตถี วรรณคดีขึ้นชื่อ เลื่องลือพระเครื่อง รุ่งเรืองเกษตรกรรม สูงล้ำประวัติศาสตร์ แหล่งปราชญ์ศิลปิน ภาษาถิ่นชวนฟัง,14.474489199999999,100.1177128,ATtYBwLkzPdu0ap0jZA26lX6AbefFolsSOSC3qD7nzUcAD9lluosPBZcBAjaIXY5Un8EIZzI0JlemNHeff999CQ1OXWJQWol3nAToI9xuF6PWU3NiAQfzecyCiOm273yWzU4UHW4STxOcR77VNq1by45wErFvvCaewZpapFyWJmKlxItec_k
68,สุราษฎร์ธานี,Surat Thani,เมืองร้อยเกาะ เงาะอร่อย หอยใหญ่ ไข่แดง แหล่งธรรมะ,9.138238900000001,99.3217483,ATtYBwIQZ876Id9pJANm8L53EAaPIwd3tKaKqn9O6IJCYZkvw5dpuWddQ8lI6Re5kOil8HsMgVjSrS8G8ZXLq2DmNKano9BZvTGforfozD8TihijJWn3mwR5UgTaY8JJISw52D29LZMLBu0rL1zUPXAPI4ZkYJt9O0gWDasTi22JpsQzYUop
69,สุรินทร์,Surin,สุรินทร์ถิ่นช้างใหญ่ ผ้าไหมงาม ประคำสวย ร่ำรวยปราสาท ผักกาดหวาน ข้าวสารหอม งามพร้อมวัฒนธรรม,14.882905,103.49371070000001,ATtYBwK04fQE6rHeY4sN310QF6DyWCZxpCzLMWI8fXiqZmpQVldzE7KpYM-txclxcE8NPTqS1PzNm4fzP4-hlnn-26enYwQLyf40jz0SOHa7X5SQ15-dSWiTHEXs3gyCmOz8XwtkvMYYZl9FfiMQ-S0aDYH9HUJpA5fiHqYXf9i-7uiXRgz1
70,หนองคาย,Nong Khai,วีรกรรมปราบฮ่อ หลวงพ่อพระใส สะพานไทย-ลาว,17.8782803,102.7412638,ATtYBwKvssHNsBpOU377FUDAOx3PiH7F-V_EAHzepIkxC4u5vwABYiwL2UBJb0TpTaY2TdMP8hwIAGE7VXuLgkmyq3T-dbeQL-t8CcupAqnF-r0cUADagkojOleOQiJJaaZWBbVJUiZaADBp9oB1_WOxWACwVs2HqQAlxcvbm9YVCbi2h3cN
71,หนองบัวลำภู,Nong Bua Lam Phu,ศาลสมเด็จพระนเรศวรมหาราช อุทยานแห่งชาติภูเก้า-ภูพานคำ แผ่นดินธรรมหลวงปู่ขาว เด่นสกาวถ้ำเอราวัณ นครเขื่อนขันธ์กาบแก้วบัวบาน,17.2218247,102.4260368,ATtYBwLvRw7uTVX_4yk6CER1X38_9JzD5uFKqx6lAY2veP-kbfCa-VJFsuSXbdm9X8XcQloPMju38LJg0xnmJhpd6B8ZEHme8cXBk3imygB0PtB3NHfVb6f-oQka_RwswIcXz9-10iuw2GgAV2zy_FJFJi32OL0c7qs0vYXiIqAWQK1bU_8-
72,อ่างทอง,Ang Thong,พระสมเด็จเกษไชไย หลวงพ่อโตองค์ใหญ่ วีรไทยใจกล้า ตุ๊กตาชาววัง โด่งดังจักสาน ถิ่นฐานทำกลอง เมืองสองพระนอน,14.5896054,100.455052,ATtYBwIvb-9B5MvdjasBC8E_9CjJ8J7VmiGmHEb0SUlAlOABAUzT9u_hzKkKt1KFui23fa9aNnGoMXVAT_WBWCnhQU8OWq_YBuqCxrTGWDcctfdFWr5Y0P3kpMMZyP0frJ_Uj1VopnLXRYF0TC56AcKEBQgUDqRUQeu-loIKV6ucFEFs6Kgb
73,อำนาจเจริญ,Amnat Charoen,พระมงคลมิ่งเมือง แหล่งรุ่งเรืองเจ็ดลุ่มน้ำ งามล้ำถ้ำศักดิ์สิทธิ์ เทพนิมิตพระเหลา เกาะแก่งเขาแสนสวย เลอค่าด้วยผ้าไหม ราษฎร์เลื่อมใสใฝ่ธรรม,15.865678299999999,104.6257774,ATtYBwKHSPE-pG5JvbUIh7to6RrzVG_1PRPRwgt9iIL9YAFaAT0fBLnZNaUxD2Lko7_178BBh2QEQDD0Dk03Oz88-v6iDOzxPP0zqGC02bixxWuQktvz1-2pLfbghIwoiqt6Eu10Byfg0pV1_GYY2SWFUmqW2vhuN87wpEI5iVNTfMBvBOda
74,อุดรธานี,Udon Thani,"น้ำตกจากสันภูพาน อุทยานแห่งธรรมะ อารยธรรม 5,000 ปี ธานีผ้าหมี่ขิด แดนเนรมิตหนองประจักษ์ เลิศลักษณ์กล้วยไม้หอมอุดรชันไฌน์",17.4138413,102.7872325,ATtYBwLYTd12kkfy5HEYzEaImRCd3LadL-E-rDDYp1bI5Lsahq0BdmirBxh0EZHdXYqqp49osMg-T_Mv25sPd53EbfUEJbw8qOj4eS5zTH5u4VlMIkKHubVA8daGRhfXh_j6HhjwbVnVrkRCOWJczbYzaUBm73WAzLoZyVSXA0Yl153yFyGd
75,อุตรดิตถ์,Uttaradit,เหล็กน้ำพี้ลือเลื่อง เมืองลางสาดหวาน บ้านพระยาพิชัยดาบหัก ถิ่นสักใหญ่ของโลก,17.620088600000003,100.0992942,ATtYBwIrfPeF1MI9ujlqaLQBXRg4BcNeYzNTWHEgpsU78QSQOQVYppMj6QEvF38QHjaPfdE3A_rDsbbcbdHrV8saSwApMYiv1WI0kFDEkab76w8BQeqLVmtSG0FntGwouTRy-vJ-iGX5ZtzyIQ5qhyzC9xhI98STnje13KkO-tZXlFrgZvzq
76,อุทัยธานี,Uthai Thani,อุทัยธานี เมืองพระชนกจักรี ปลาแรดรสดี ประเพณีเทโว ส้มโอบ้านน้ำตก มรดกโลกห้วยขาแข้ง แหล่งต้นน้ำสะแกกรัง ตลาดนัดดังโคกระบือ,15.3835001,100.0245527,ATtYBwIwQVeBsRWrCKGouOjqmQwxgBPIb-8AG9KwJrT2RHSpTsDK7-ayhzas9lrmJQyX3UQFyIhw4-REYLPa9Oiyn4lCOjgK0ZTJXAe9V18LJ87WNfHnHSosWXMcUpf4vNByrWniIi10YOqnuwoKSxZRj3oMMuJXKyE4ciFvvq3tn0d77Fem
77,อุบลราชธานี,Ubon Ratchathani,"น้ำตกจากสันภูพาน อุทยานแห่งธรรมะ อารยธรรม 5,000 ปี ธานีผ้าหมี่ขิด แดนเนรมิตหนองประจักษ์ เลิศลักษณ์กล้วยไม้หอมอุดรชันไฌน์",15.228686100000001,104.85642170000001,ATtYBwIFtjUdtXwg-ZUodJK-V1T1kh0GhAk859iDzo8mo8zcCVi_uezQQAsLuYQrucXjVimQ5JaSrEteUxu5b7TdQe-OqoqIqeK9eldqfLKJZLg1z54MhX2BgU3UDlrWou30J8kekKdB_DeNEHXBWg2iGtz4AaJLx9n7wmlvGri18O5H1RVX
